portfolio,trade id,product,side,created at,date,time,yyyy,mm,dd,hh,mm2,ss,ms,datobj,timeobs,datetimeobj,timestamp,size,size unit,price,fee,total,price/fee/total unit,accttime,
default,,BTC-USD,BUY,2019-08-28T01:32:08.432Z,8/28/2019,01:32:08.457Z,2019,8,28,1,32,8.457,457,8/28/2019,1:32:08 AM,8/28/2019 1:32,1566955928,0.01,BTC,10134,0.15201,-101.49201,USD,2019-08-28T01:32:08.457Z,
default,,BTC-USD,BUY,2019-08-29T04:04:19.759Z,8/29/2019,04:04:19.773Z,2019,8,29,4,4,19.773,773,8/29/2019,4:04:20 AM,8/29/2019 4:04,1567051460,0.001,BTC,9580.13,0.014370195,-9.594500195,USD,2019-08-29T04:04:19.773Z,TRUE
default,,BTC-USD,BUY,2019-08-29T04:16:22.868Z,8/29/2019,04:16:22.883Z,2019,8,29,4,16,22.883,883,8/29/2019,4:16:23 AM,8/29/2019 4:16,1567052183,0.001,BTC,9606.01,0.014409015,-9.620419015,USD,2019-08-29T04:16:22.883Z,TRUE
default,,BTC-USD,BUY,2019-08-29T04:19:19.855Z,8/29/2019,04:19:19.868Z,2019,8,29,4,19,19.868,868,8/29/2019,4:19:20 AM,8/29/2019 4:19,1567052360,0.001,BTC,9602.92,0.0240073,-9.6269273,USD,2019-08-29T04:19:19.868Z,TRUE
default,,BTC-USD,BUY,2019-08-29T04:25:31.989Z,8/29/2019,04:25:32.001Z,2019,8,29,4,25,32.001,1,8/29/2019,4:25:32 AM,8/29/2019 4:25,1567052732,0.001,BTC,9581.28,0.01437192,-9.59565192,USD,2019-08-29T04:25:32.001Z,TRUE
default,,BTC-USD,BUY,2019-08-30T02:44:57.140Z,8/30/2019,02:44:57.025Z,2019,8,30,2,44,57.025,25,8/30/2019,2:44:57 AM,8/30/2019 2:44,1567133097,0.001,BTC,9428.64,0.0235716,-9.4522116,USD,2019-08-30T02:44:57.025Z,TRUE
default,,BTC-USD,BUY,2019-08-30T02:47:57.180Z,8/30/2019,02:47:57.028Z,2019,8,30,2,47,57.028,28,8/30/2019,2:47:57 AM,8/30/2019 2:47,1567133277,0.001,BTC,9440,0.0236,-9.4636,USD,2019-08-30T02:47:57.028Z,TRUE
default,,BTC-USD,BUY,2019-08-30T03:21:58.105Z,8/30/2019,03:21:58.122Z,2019,8,30,3,21,58.122,122,8/30/2019,3:21:58 AM,8/30/2019 3:21,1567135318,0.001,BTC,9457.47,0.023643675,-9.481113675,USD,2019-08-30T03:21:58.122Z,TRUE
default,,BTC-USD,BUY,2019-08-30T03:27:46.525Z,8/30/2019,03:27:46.644Z,2019,8,30,3,27,46.644,644,8/30/2019,3:27:47 AM,8/30/2019 3:27,1567135667,0.001,BTC,9452.58,0.02363145,-9.47621145,USD,2019-08-30T03:27:46.644Z,TRUE
default,,BTC-USD,SELL,2019-08-30T03:46:01.699Z,8/30/2019,03:46:01.712Z,2019,8,30,3,46,1.712,712,8/30/2019,3:46:02 AM,8/30/2019 3:46,1567136762,0.001,BTC,9473.42,0.02368355,9.44973645,USD,2019-08-30T03:46:01.712Z,TRUE
default,,BTC-USD,SELL,2019-08-30T22:58:40.685Z,8/30/2019,22:58:40.696Z,2019,8,30,22,58,40.696,696,8/30/2019,10:58:41 PM,8/30/2019 22:58,1567205921,0.001,BTC,9595.99,0.023989975,9.572000025,USD,2019-08-30T22:58:40.696Z,TRUE
default,,BTC-USD,SELL,2019-08-30T23:00:50.422Z,8/30/2019,23:00:50.433Z,2019,8,30,23,0,50.433,433,8/30/2019,11:00:50 PM,8/30/2019 23:00,1567206050,0.001,BTC,9597.16,0.0239929,9.5731671,USD,2019-08-30T23:00:50.433Z,TRUE
default,,BTC-USD,SELL,2019-08-30T23:02:44.963Z,8/30/2019,23:02:44.975Z,2019,8,30,23,2,44.975,975,8/30/2019,11:02:45 PM,8/30/2019 23:02,1567206165,0.001,BTC,9598.35,0.023995875,9.574354125,USD,2019-08-30T23:02:44.975Z,TRUE
default,,BTC-USD,SELL,2019-08-30T23:06:27.366Z,8/30/2019,23:06:27.377Z,2019,8,30,23,6,27.377,377,8/30/2019,11:06:27 PM,8/30/2019 23:06,1567206387,0.001,BTC,9600.85,0.024002125,9.576847875,USD,2019-08-30T23:06:27.377Z,TRUE
default,,BTC-USD,SELL,2019-08-31T17:01:30.443Z,8/31/2019,17:01:30.453Z,2019,8,31,17,1,30.453,453,8/31/2019,5:01:30 PM,8/31/2019 17:01,1567270890,0.001,BTC,9601.49,0.024003725,9.577486275,USD,2019-08-31T17:01:30.453Z,TRUE
default,,BTC-USD,SELL,2019-08-31T17:51:22.841Z,8/31/2019,17:51:22.852Z,2019,8,31,17,51,22.852,852,8/31/2019,5:51:23 PM,8/31/2019 17:51,1567273883,0.001,BTC,9589.16,0.0239729,9.5651871,USD,2019-08-31T17:51:22.852Z,TRUE
default,,BTC-USD,SELL,2019-08-31T17:53:22.736Z,8/31/2019,17:53:22.747Z,2019,8,31,17,53,22.747,747,8/31/2019,5:53:23 PM,8/31/2019 17:53,1567274003,0.001,BTC,9589.16,0.0239729,9.5651871,USD,2019-08-31T17:53:22.747Z,TRUE
default,,BTC-USD,BUY,2019-08-31T18:36:43.448Z,8/31/2019,18:36:43.459Z,2019,8,31,18,36,43.459,459,8/31/2019,6:36:43 PM,8/31/2019 18:36,1567276603,0.001,BTC,9595.39,0.023988475,-9.619378475,USD,2019-08-31T18:36:43.459Z,TRUE
default,,ETH-USD,BUY,2019-08-31T19:14:54.700Z,8/31/2019,19:14:54.015Z,2019,8,31,19,14,54.015,15,8/31/2019,7:14:54 PM,8/31/2019 19:14,1567278894,0.05979894,ETH,166.81,0.024937653,-9.999998834,USD,2019-08-31T19:14:54.015Z,TRUE
default,,ETH-USD,BUY,2019-08-31T19:28:39.223Z,8/31/2019,19:28:39.231Z,2019,8,31,19,28,39.231,231,8/31/2019,7:28:39 PM,8/31/2019 19:28,1567279719,0.05970231,ETH,167.08,0.024937655,-9.99999961,USD,2019-08-31T19:28:39.231Z,TRUE
default,,ETH-USD,BUY,2019-08-31T19:32:45.608Z,8/31/2019,19:32:45.616Z,2019,8,31,19,32,45.616,616,8/31/2019,7:32:46 PM,8/31/2019 19:32,1567279966,0.05975595,ETH,166.93,0.024937652,-9.999998385,USD,2019-08-31T19:32:45.616Z,TRUE
default,,ETH-USD,BUY,2019-08-31T19:33:52.597Z,8/31/2019,19:33:52.606Z,2019,8,31,19,33,52.606,606,8/31/2019,7:33:53 PM,8/31/2019 19:33,1567280033,0.05976311,ETH,166.91,0.024937652,-9.999998342,USD,2019-08-31T19:33:52.606Z,TRUE
default,,ETH-BTC,SELL,2019-08-31T19:33:52.811Z,8/31/2019,19:33:52.820Z,2019,8,31,19,33,52.82,820,8/31/2019,7:33:53 PM,8/31/2019 19:33,1567280033,0.05976311,ETH,0.01744,2.61E-06,0.001039663,BTC,2019-08-31T19:33:52.820Z,TRUE
default,,ETH-USD,BUY,2019-08-31T20:51:18.244Z,8/31/2019,20:51:18.252Z,2019,8,31,20,51,18.252,252,8/31/2019,8:51:18 PM,8/31/2019 20:51,1567284678,0.05993188,ETH,166.44,0.024937655,-9.999999762,USD,2019-08-31T20:51:18.252Z,TRUE
default,,ETH-USD,BUY,2019-08-31T20:58:31.218Z,8/31/2019,20:58:31.228Z,2019,8,31,20,58,31.228,228,8/31/2019,8:58:31 PM,8/31/2019 20:58,1567285111,0.05988151,ETH,166.58,0.024937655,-9.999999591,USD,2019-08-31T20:58:31.228Z,TRUE
default,,ETH-USD,BUY,2019-08-31T20:59:41.640Z,8/31/2019,20:59:41.647Z,2019,8,31,20,59,41.647,647,8/31/2019,8:59:42 PM,8/31/2019 20:59,1567285182,0.0598887,ETH,166.56,0.024937655,-9.999999527,USD,2019-08-31T20:59:41.647Z,TRUE
default,,ETH-USD,BUY,2019-08-31T21:02:18.700Z,8/31/2019,21:02:18.707Z,2019,8,31,21,2,18.707,707,8/31/2019,9:02:19 PM,8/31/2019 21:02,1567285339,0.05992468,ETH,166.46,0.024937656,-9.999999888,USD,2019-08-31T21:02:18.707Z,TRUE
default,,ETH-USD,BUY,2019-08-31T21:08:28.454Z,8/31/2019,21:08:28.461Z,2019,8,31,21,8,28.461,461,8/31/2019,9:08:28 PM,8/31/2019 21:08,1567285708,0.0598887,ETH,166.56,0.024937655,-9.999999527,USD,2019-08-31T21:08:28.461Z,TRUE
default,,ETH-BTC,SELL,2019-08-31T21:08:28.784Z,8/31/2019,21:08:28.791Z,2019,8,31,21,8,28.791,791,8/31/2019,9:08:29 PM,8/31/2019 21:08,1567285709,0.0598887,ETH,0.01754,2.63E-06,0.001047822,BTC,2019-08-31T21:08:28.791Z,TRUE
default,,BTC-USD,SELL,2019-08-31T21:08:28.979Z,8/31/2019,21:08:28.990Z,2019,8,31,21,8,28.99,990,8/31/2019,9:08:29 PM,8/31/2019 21:08,1567285709,0.00105044,BTC,9484.09,0.024906169,9.937561331,USD,2019-08-31T21:08:28.990Z,TRUE
default,,ETH-USD,SELL,2019-08-31T21:32:24.505Z,8/31/2019,21:32:24.512Z,2019,8,31,21,32,24.512,512,8/31/2019,9:32:25 PM,8/31/2019 21:32,1567287145,0.1,ETH,168.79,0.0421975,16.8368025,USD,2019-08-31T21:32:24.512Z,TRUE
default,,ETH-USD,BUY,2019-08-31T21:35:08.570Z,8/31/2019,21:35:08.578Z,2019,8,31,21,35,8.578,578,8/31/2019,9:35:09 PM,8/31/2019 21:35,1567287309,0.05898913,ETH,169.1,0.024937655,-9.999999538,USD,2019-08-31T21:35:08.578Z,TRUE
default,,ETH-BTC,SELL,2019-08-31T21:35:08.861Z,8/31/2019,21:35:08.872Z,2019,8,31,21,35,8.872,872,8/31/2019,9:35:09 PM,8/31/2019 21:35,1567287309,0.05898913,ETH,0.01763,2.60E-06,0.001037378,BTC,2019-08-31T21:35:08.872Z,TRUE
default,,BTC-USD,SELL,2019-08-31T21:35:09.810Z,8/31/2019,21:35:09.094Z,2019,8,31,21,35,9.094,94,8/31/2019,9:35:09 PM,8/31/2019 21:35,1567287309,0.00103997,BTC,9575.48,0.02489553,9.933316406,USD,2019-08-31T21:35:09.094Z,TRUE
default,,ETH-USD,BUY,2019-08-31T21:40:21.440Z,8/31/2019,21:40:21.448Z,2019,8,31,21,40,21.448,448,8/31/2019,9:40:21 PM,8/31/2019 21:40,1567287621,0.05849104,ETH,170.54,0.024937655,-9.999999617,USD,2019-08-31T21:40:21.448Z,TRUE
default,,ETH-BTC,SELL,2019-08-31T21:40:21.765Z,8/31/2019,21:40:21.773Z,2019,8,31,21,40,21.773,773,8/31/2019,9:40:22 PM,8/31/2019 21:40,1567287622,0.05849104,ETH,0.01776,2.60E-06,0.001036204,BTC,2019-08-31T21:40:21.773Z,TRUE
default,,BTC-USD,SELL,2019-08-31T21:40:22.340Z,8/31/2019,21:40:22.046Z,2019,8,31,21,40,22.046,46,8/31/2019,9:40:22 PM,8/31/2019 21:40,1567287622,0.0010388,BTC,9592.11,0.02491071,9.939373158,USD,2019-08-31T21:40:22.046Z,TRUE
default,,ETH-USD,BUY,2019-08-31T21:41:51.818Z,8/31/2019,21:41:51.825Z,2019,8,31,21,41,51.825,825,8/31/2019,9:41:52 PM,8/31/2019 21:41,1567287712,0.05842937,ETH,170.72,0.024937655,-9.999999702,USD,2019-08-31T21:41:51.825Z,TRUE
default,,ETH-BTC,SELL,2019-08-31T21:41:52.900Z,8/31/2019,21:41:52.018Z,2019,8,31,21,41,52.018,18,8/31/2019,9:41:52 PM,8/31/2019 21:41,1567287712,0.05842937,ETH,0.01777,2.60E-06,0.001035694,BTC,2019-08-31T21:41:52.018Z,TRUE
default,,BTC-USD,SELL,2019-08-31T21:41:52.192Z,8/31/2019,21:41:52.204Z,2019,8,31,21,41,52.204,204,8/31/2019,9:41:52 PM,8/31/2019 21:41,1567287712,0.00103828,BTC,9593.09,0.024900784,9.935412701,USD,2019-08-31T21:41:52.204Z,FALSE
default,,ETH-USD,BUY,2019-08-31T21:51:14.922Z,8/31/2019,21:51:14.930Z,2019,8,31,21,51,14.93,930,8/31/2019,9:51:15 PM,8/31/2019 21:51,1567288275,0.05776282,ETH,172.69,0.024937653,-9.999999039,USD,2019-08-31T21:51:14.930Z,TRUE
default,,ETH-USD,BUY,2019-08-31T21:54:04.471Z,8/31/2019,21:54:04.479Z,2019,8,31,21,54,4.479,479,8/31/2019,9:54:04 PM,8/31/2019 21:54,1567288444,0.05796421,ETH,172.09,0.024937652,-9.999998551,USD,2019-08-31T21:54:04.479Z,TRUE
default,,ETH-USD,BUY,2019-08-31T21:54:51.505Z,8/31/2019,21:54:51.514Z,2019,8,31,21,54,51.514,514,8/31/2019,9:54:52 PM,8/31/2019 21:54,1567288492,0.05776951,ETH,172.67,0.024937653,-9.999998945,USD,2019-08-31T21:54:51.514Z,TRUE
default,,ETH-USD,SELL,2019-08-31T21:55:56.500Z,8/31/2019,21:55:56.507Z,2019,8,31,21,55,56.507,507,8/31/2019,9:55:57 PM,8/31/2019 21:55,1567288557,0.1,ETH,172.51,0.0431275,17.2078725,USD,2019-08-31T21:55:56.507Z,TRUE
default,,ETH-USD,BUY,2019-08-31T21:57:29.317Z,8/31/2019,21:57:29.323Z,2019,8,31,21,57,29.323,323,8/31/2019,9:57:29 PM,8/31/2019 21:57,1567288649,0.05767265,ETH,172.96,0.024937654,-9.999999198,USD,2019-08-31T21:57:29.323Z,TRUE
default,,ETH-USD,BUY,2019-08-31T21:59:42.771Z,8/31/2019,21:59:42.778Z,2019,8,31,21,59,42.778,778,8/31/2019,9:59:43 PM,8/31/2019 21:59,1567288783,0.05757611,ETH,173.25,0.024937653,-9.99999871,USD,2019-08-31T21:59:42.778Z,TRUE
default,,ETH-BTC,SELL,2019-08-31T21:59:43.223Z,8/31/2019,21:59:43.232Z,2019,8,31,21,59,43.232,232,8/31/2019,9:59:43 PM,8/31/2019 21:59,1567288783,0.05757611,ETH,0.01792,2.58E-06,0.001029184,BTC,2019-08-31T21:59:43.232Z,TRUE
default,,BTC-USD,SELL,2019-08-31T21:59:43.553Z,8/31/2019,21:59:43.563Z,2019,8,31,21,59,43.563,563,8/31/2019,9:59:44 PM,8/31/2019 21:59,1567288784,0.00103176,BTC,9664.97,0.024929824,9.946999624,USD,2019-08-31T21:59:43.563Z,TRUE
default,,ETH-USD,BUY,2019-08-31T22:00:32.675Z,8/31/2019,22:00:32.683Z,2019,8,31,22,0,32.683,683,8/31/2019,10:00:33 PM,8/31/2019 22:00,1567288833,0.05718006,ETH,174.45,0.024937654,-9.999999121,USD,2019-08-31T22:00:32.683Z,TRUE
default,,ETH-BTC,SELL,2019-08-31T22:00:32.896Z,8/31/2019,22:00:32.903Z,2019,8,31,22,0,32.903,903,8/31/2019,10:00:33 PM,8/31/2019 22:00,1567288833,0.05718006,ETH,0.01799,2.57E-06,0.001026098,BTC,2019-08-31T22:00:32.903Z,TRUE
default,,BTC-USD,SELL,2019-08-31T22:00:33.448Z,8/31/2019,22:00:33.461Z,2019,8,31,22,0,33.461,461,8/31/2019,10:00:33 PM,8/31/2019 22:00,1567288833,0.00102866,BTC,9688.11,0.024914428,9.940856805,USD,2019-08-31T22:00:33.461Z,TRUE
default,,ETH-USD,BUY,2019-08-31T22:08:39.100Z,8/31/2019,22:08:39.009Z,2019,8,31,22,8,39.009,9,8/31/2019,10:08:39 PM,8/31/2019 22:08,1567289319,0.05729501,ETH,174.1,0.024937653,-9.999998894,USD,2019-08-31T22:08:39.009Z,TRUE
default,,ETH-BTC,SELL,2019-08-31T22:08:39.452Z,8/31/2019,22:08:39.459Z,2019,8,31,22,8,39.459,459,8/31/2019,10:08:39 PM,8/31/2019 22:08,1567289319,0.05729501,ETH,0.01805,2.59E-06,0.001031589,BTC,2019-08-31T22:08:39.459Z,TRUE
default,,BTC-USD,SELL,2019-08-31T22:08:39.646Z,8/31/2019,22:08:39.659Z,2019,8,31,22,8,39.659,659,8/31/2019,10:08:40 PM,8/31/2019 22:08,1567289320,0.00103417,BTC,9638.83,0.024920472,9.943268349,USD,2019-08-31T22:08:39.659Z,TRUE
default,,ETH-USD,BUY,2019-08-31T22:37:27.649Z,8/31/2019,22:37:27.658Z,2019,8,31,22,37,27.658,658,8/31/2019,10:37:28 PM,8/31/2019 22:37,1567291048,0.00000239,ETH,173.29,1.04E-06,-0.000415199,USD,2019-08-31T22:37:27.658Z,TRUE
default,,ETH-USD,BUY,2019-08-31T22:37:27.649Z,8/31/2019,22:37:27.665Z,2019,8,31,22,37,27.665,665,8/31/2019,10:37:28 PM,8/31/2019 22:37,1567291048,0.05756043,ETH,173.29,0.024936617,-9.999583532,USD,2019-08-31T22:37:27.665Z,TRUE
default,,ETH-USD,BUY,2019-08-31T22:38:47.203Z,8/31/2019,22:38:47.210Z,2019,8,31,22,38,47.21,210,8/31/2019,10:38:47 PM,8/31/2019 22:38,1567291127,0.05752299,ETH,173.41,0.024937654,-9.99999935,USD,2019-08-31T22:38:47.210Z,TRUE
default,,ETH-BTC,SELL,2019-08-31T22:38:47.464Z,8/31/2019,22:38:47.472Z,2019,8,31,22,38,47.472,472,8/31/2019,10:38:47 PM,8/31/2019 22:38,1567291127,0.05752299,ETH,0.018,2.59E-06,0.001032825,BTC,2019-08-31T22:38:47.472Z,TRUE
default,,BTC-USD,SELL,2019-08-31T22:38:47.866Z,8/31/2019,22:38:47.879Z,2019,8,31,22,38,47.879,879,8/31/2019,10:38:48 PM,8/31/2019 22:38,1567291128,0.00103541,BTC,9628,0.024922319,9.944005161,USD,2019-08-31T22:38:47.879Z,TRUE
default,,ETH-USD,BUY,2019-08-31T22:39:40.616Z,8/31/2019,22:39:40.624Z,2019,8,31,22,39,40.624,624,8/31/2019,10:39:41 PM,8/31/2019 22:39,1567291181,0.05749315,ETH,173.5,0.024937654,-9.999999179,USD,2019-08-31T22:39:40.624Z,TRUE
default,,ETH-BTC,SELL,2019-08-31T22:39:40.917Z,8/31/2019,22:39:40.925Z,2019,8,31,22,39,40.925,925,8/31/2019,10:39:41 PM,8/31/2019 22:39,1567291181,0.05749315,ETH,0.01801,2.59E-06,0.001032863,BTC,2019-08-31T22:39:40.925Z,TRUE
default,,BTC-USD,SELL,2019-08-31T22:39:41.294Z,8/31/2019,22:39:41.306Z,2019,8,31,22,39,41.306,306,8/31/2019,10:39:41 PM,8/31/2019 22:39,1567291181,0.00103545,BTC,9623.79,0.024912383,9.940040972,USD,2019-08-31T22:39:41.306Z,TRUE
default,,ETH-USD,BUY,2019-08-31T22:40:56.571Z,8/31/2019,22:40:56.579Z,2019,8,31,22,40,56.579,579,8/31/2019,10:40:57 PM,8/31/2019 22:40,1567291257,0.05753958,ETH,173.36,0.024937654,-9.999999243,USD,2019-08-31T22:40:56.579Z,TRUE
default,,ETH-BTC,SELL,2019-08-31T22:40:56.804Z,8/31/2019,22:40:56.812Z,2019,8,31,22,40,56.812,812,8/31/2019,10:40:57 PM,8/31/2019 22:40,1567291257,0.05753958,ETH,0.018,2.59E-06,0.001033123,BTC,2019-08-31T22:40:56.812Z,TRUE
default,,BTC-USD,SELL,2019-08-31T22:40:57.460Z,8/31/2019,22:40:57.059Z,2019,8,31,22,40,57.059,59,8/31/2019,10:40:57 PM,8/31/2019 22:40,1567291257,0.00103571,BTC,9621.16,0.024911829,9.939819795,USD,2019-08-31T22:40:57.059Z,TRUE
default,,BTC-USD,SELL,2019-08-31T22:44:53.786Z,8/31/2019,22:44:53.798Z,2019,8,31,22,44,53.798,798,8/31/2019,10:44:54 PM,8/31/2019 22:44,1567291494,0.01201379,BTC,9622.8,0.173409448,115.432889,USD,2019-08-31T22:44:53.798Z,TRUE
default,,ETH-USD,SELL,2019-08-31T22:45:50.380Z,8/31/2019,22:45:50.048Z,2019,8,31,22,45,50.048,48,8/31/2019,10:45:50 PM,8/31/2019 22:45,1567291550,0.50761598,ETH,173.33,0.131977617,87.8531002,USD,2019-08-31T22:45:50.048Z,TRUE
default,,ETH-USD,BUY,2019-09-01T16:37:18.581Z,9/1/2019,16:37:18.586Z,2019,9,1,16,37,18.586,586,9/1/2019,4:37:19 PM,9/1/2019 16:37,1567355839,0.05877364,ETH,169.72,0.024937655,-9.999999836,USD,2019-09-01T16:37:18.586Z,TRUE
default,,ETH-BTC,SELL,2019-09-01T16:37:18.994Z,9/1/2019,16:37:18.999Z,2019,9,1,16,37,18.999,999,9/1/2019,4:37:19 PM,9/1/2019 16:37,1567355839,0.05877364,ETH,0.0177,2.60E-06,0.001037693,BTC,2019-09-01T16:37:18.999Z,TRUE
default,,ETH-USD,BUY,2019-09-01T16:40:50.899Z,9/1/2019,16:40:50.906Z,2019,9,1,16,40,50.906,906,9/1/2019,4:40:51 PM,9/1/2019 16:40,1567356051,0.05880135,ETH,169.64,0.024937653,-9.999998667,USD,2019-09-01T16:40:50.906Z,TRUE
default,,ETH-BTC,SELL,2019-09-01T16:40:51.130Z,9/1/2019,16:40:51.136Z,2019,9,1,16,40,51.136,136,9/1/2019,4:40:51 PM,9/1/2019 16:40,1567356051,0.05880135,ETH,0.0177,2.60E-06,0.001038182,BTC,2019-09-01T16:40:51.136Z,TRUE
default,,BTC-USD,SELL,2019-09-01T16:40:51.413Z,9/1/2019,16:40:51.424Z,2019,9,1,16,40,51.424,424,9/1/2019,4:40:51 PM,9/1/2019 16:40,1567356051,0.00104078,BTC,9584.99,0.024939665,9.950926227,USD,2019-09-01T16:40:51.424Z,TRUE
default,,ETH-USD,BUY,2019-09-01T16:46:35.790Z,9/1/2019,16:46:35.084Z,2019,9,1,16,46,35.084,84,9/1/2019,4:46:35 PM,9/1/2019 16:46,1567356395,0.05883951,ETH,169.53,0.024937655,-9.999999786,USD,2019-09-01T16:46:35.084Z,TRUE
default,,ETH-BTC,SELL,2019-09-01T16:46:35.359Z,9/1/2019,16:46:35.365Z,2019,9,1,16,46,35.365,365,9/1/2019,4:46:35 PM,9/1/2019 16:46,1567356395,0.05883951,ETH,0.01768,2.60E-06,0.001037682,BTC,2019-09-01T16:46:35.365Z,FALSE
default,,BTC-USD,SELL,2019-09-01T16:46:35.601Z,9/1/2019,16:46:35.657Z,2019,9,1,16,46,35.657,657,9/1/2019,4:46:36 PM,9/1/2019 16:46,1567356396,0.00104028,BTC,9589,0.024938112,9.950306808,USD,2019-09-01T16:46:35.657Z,TRUE
default,,ETH-USD,BUY,2019-09-01T16:47:18.584Z,9/1/2019,16:47:18.691Z,2019,9,1,16,47,18.691,691,9/1/2019,4:47:19 PM,9/1/2019 16:47,1567356439,0.05883951,ETH,169.53,0.024937655,-9.999999786,USD,2019-09-01T16:47:18.691Z,TRUE
default,,ETH-BTC,SELL,2019-09-01T16:47:18.857Z,9/1/2019,16:47:18.862Z,2019,9,1,16,47,18.862,862,9/1/2019,4:47:19 PM,9/1/2019 16:47,1567356439,0.05883951,ETH,0.01768,2.60E-06,0.001037682,BTC,2019-09-01T16:47:18.862Z,TRUE
default,,BTC-USD,SELL,2019-09-01T16:47:19.970Z,9/1/2019,16:47:19.107Z,2019,9,1,16,47,19.107,107,9/1/2019,4:47:19 PM,9/1/2019 16:47,1567356439,0.00104028,BTC,9589.84,0.024940297,9.951178458,USD,2019-09-01T16:47:19.107Z,TRUE
default,,ETH-USD,BUY,2019-09-01T16:49:36.509Z,9/1/2019,16:49:36.516Z,2019,9,1,16,49,36.516,516,9/1/2019,4:49:37 PM,9/1/2019 16:49,1567356577,0.05889509,ETH,169.37,0.024937653,-9.999999047,USD,2019-09-01T16:49:36.516Z,TRUE
default,,ETH-USD,BUY,2019-09-01T16:50:57.681Z,9/1/2019,16:50:57.687Z,2019,9,1,16,50,57.687,687,9/1/2019,4:50:58 PM,9/1/2019 16:50,1567356658,0.05886729,ETH,169.45,0.024937656,-9.999999946,USD,2019-09-01T16:50:57.687Z,TRUE
default,,ETH-USD,BUY,2019-09-01T16:51:21.847Z,9/1/2019,16:51:21.854Z,2019,9,1,16,51,21.854,854,9/1/2019,4:51:22 PM,9/1/2019 16:51,1567356682,0.05885339,ETH,169.49,0.024937653,-9.999998724,USD,2019-09-01T16:51:21.854Z,TRUE
default,,ETH-BTC,SELL,2019-09-01T16:51:22.610Z,9/1/2019,16:51:22.066Z,2019,9,1,16,51,22.066,66,9/1/2019,4:51:22 PM,9/1/2019 16:51,1567356682,0.05885339,ETH,0.01768,2.60E-06,0.001037927,BTC,2019-09-01T16:51:22.066Z,TRUE
default,,BTC-USD,SELL,2019-09-01T16:51:22.374Z,9/1/2019,16:51:22.385Z,2019,9,1,16,51,22.385,385,9/1/2019,4:51:22 PM,9/1/2019 16:51,1567356682,0.00104052,BTC,9583.52,0.024929611,9.94691462,USD,2019-09-01T16:51:22.385Z,FALSE
default,,ETH-USD,BUY,2019-09-01T16:55:33.642Z,9/1/2019,16:55:33.647Z,2019,9,1,16,55,33.647,647,9/1/2019,4:55:34 PM,9/1/2019 16:55,1567356934,0.05886729,ETH,169.45,0.024937656,-9.999999946,USD,2019-09-01T16:55:33.647Z,TRUE
default,,ETH-BTC,SELL,2019-09-01T16:55:34.117Z,9/1/2019,16:55:34.122Z,2019,9,1,16,55,34.122,122,9/1/2019,4:55:34 PM,9/1/2019 16:55,1567356934,0.05886729,ETH,0.01768,2.60E-06,0.001038172,BTC,2019-09-01T16:55:34.122Z,TRUE
default,,BTC-USD,SELL,2019-09-01T16:55:34.409Z,9/1/2019,16:55:34.419Z,2019,9,1,16,55,34.419,419,9/1/2019,4:55:34 PM,9/1/2019 16:55,1567356934,0.00104077,BTC,9590.04,0.024952565,9.956073366,USD,2019-09-01T16:55:34.419Z,TRUE
default,,ETH-USD,BUY,2019-09-01T16:56:44.574Z,9/1/2019,16:56:44.581Z,2019,9,1,16,56,44.581,581,9/1/2019,4:56:45 PM,9/1/2019 16:56,1567357005,0.05886729,ETH,169.45,0.024937656,-9.999999946,USD,2019-09-01T16:56:44.581Z,TRUE
default,,ETH-BTC,SELL,2019-09-01T16:56:44.911Z,9/1/2019,16:56:44.916Z,2019,9,1,16,56,44.916,916,9/1/2019,4:56:45 PM,9/1/2019 16:56,1567357005,0.05886729,ETH,0.01768,2.60E-06,0.001038172,BTC,2019-09-01T16:56:44.916Z,TRUE
default,,BTC-USD,SELL,2019-09-01T16:56:45.186Z,9/1/2019,16:56:45.198Z,2019,9,1,16,56,45.198,198,9/1/2019,4:56:45 PM,9/1/2019 16:56,1567357005,0.00104077,BTC,9593,0.024960267,9.959146343,USD,2019-09-01T16:56:45.198Z,TRUE
default,,ETH-USD,BUY,2019-09-01T17:01:55.680Z,9/1/2019,17:01:55.685Z,2019,9,1,17,1,55.685,685,9/1/2019,5:01:56 PM,9/1/2019 17:01,1567357316,0.5883604,ETH,169.54,0.249376556,-99.99999877,USD,2019-09-01T17:01:55.685Z,TRUE
default,,ETH-BTC,SELL,2019-09-01T17:01:56.128Z,9/1/2019,17:01:56.135Z,2019,9,1,17,1,56.135,135,9/1/2019,5:01:56 PM,9/1/2019 17:01,1567357316,0.5883604,ETH,0.01767,2.60E-05,0.010370337,BTC,2019-09-01T17:01:56.135Z,TRUE
default,,BTC-USD,SELL,2019-09-01T17:01:56.397Z,9/1/2019,17:01:56.408Z,2019,9,1,17,1,56.408,408,9/1/2019,5:01:56 PM,9/1/2019 17:01,1567357316,0.01039632,BTC,9587.81,0.249194852,99.42874601,USD,2019-09-01T17:01:56.408Z,TRUE
default,,ETH-USD,BUY,2019-09-01T17:02:43.845Z,9/1/2019,17:02:43.851Z,2019,9,1,17,2,43.851,851,9/1/2019,5:02:44 PM,9/1/2019 17:02,1567357364,0.05881175,ETH,169.61,0.024937652,-9.99999857,USD,2019-09-01T17:02:43.851Z,TRUE
default,,ETH-BTC,SELL,2019-09-01T17:02:44.231Z,9/1/2019,17:02:44.236Z,2019,9,1,17,2,44.236,236,9/1/2019,5:02:44 PM,9/1/2019 17:02,1567357364,0.05881175,ETH,0.01767,2.60E-06,0.001036606,BTC,2019-09-01T17:02:44.236Z,TRUE
default,,BTC-USD,SELL,2019-09-01T17:02:44.475Z,9/1/2019,17:02:44.486Z,2019,9,1,17,2,44.486,486,9/1/2019,5:02:44 PM,9/1/2019 17:02,1567357364,0.0010392,BTC,9587.81,0.02490913,9.938743022,USD,2019-09-01T17:02:44.486Z,TRUE
default,,ETH-USD,BUY,2019-09-01T17:03:04.617Z,9/1/2019,17:03:04.623Z,2019,9,1,17,3,4.623,623,9/1/2019,5:03:05 PM,9/1/2019 17:03,1567357385,0.05880829,ETH,169.62,0.024937655,-9.999999805,USD,2019-09-01T17:03:04.623Z,TRUE
default,,ETH-BTC,SELL,2019-09-01T17:03:04.848Z,9/1/2019,17:03:04.855Z,2019,9,1,17,3,4.855,855,9/1/2019,5:03:05 PM,9/1/2019 17:03,1567357385,0.05880829,ETH,0.01767,2.60E-06,0.001036545,BTC,2019-09-01T17:03:04.855Z,TRUE
default,,BTC-USD,SELL,2019-09-01T17:03:05.540Z,9/1/2019,17:03:05.065Z,2019,9,1,17,3,5.065,65,9/1/2019,5:03:05 PM,9/1/2019 17:03,1567357385,0.00103914,BTC,9588.01,0.024908212,9.9383765,USD,2019-09-01T17:03:05.065Z,TRUE
default,,BTC-USD,BUY,2019-09-02T19:25:54.187Z,9/2/2019,19:25:54.199Z,2019,9,2,19,25,54.199,199,9/2/2019,7:25:54 PM,9/2/2019 19:25,1567452354,0.00118377,BTC,10137.04,0.017999886,-12.01792373,USD,2019-09-02T19:25:54.199Z,TRUE
default,,BTC-USD,SELL,2019-09-02T19:52:44.600Z,9/2/2019,19:52:44.071Z,2019,9,2,19,52,44.071,71,9/2/2019,7:52:44 PM,9/2/2019 19:52,1567453964,0.001,BTC,10176.6,0.0254415,10.1511585,USD,2019-09-02T19:52:44.071Z,TRUE
default,,BTC-USD,SELL,2019-09-02T20:00:56.841Z,9/2/2019,20:00:56.853Z,2019,9,2,20,0,56.853,853,9/2/2019,8:00:57 PM,9/2/2019 20:00,1567454457,0.001,BTC,10199.93,0.015299895,10.18463011,USD,2019-09-02T20:00:56.853Z,TRUE
default,,BTC-USD,BUY,2019-09-02T20:09:41.841Z,9/2/2019,20:09:41.851Z,2019,9,2,20,9,41.851,851,9/2/2019,8:09:42 PM,9/2/2019 20:09,1567454982,0.00117062,BTC,10250.96,0.017999968,-12.01797876,USD,2019-09-02T20:09:41.851Z,TRUE
default,,BTC-USD,BUY,2019-09-02T20:10:25.783Z,9/2/2019,20:10:25.795Z,2019,9,2,20,10,25.795,795,9/2/2019,8:10:26 PM,9/2/2019 20:10,1567455026,0.00117077,BTC,10249.6,0.017999886,-12.01792408,USD,2019-09-02T20:10:25.795Z,TRUE
default,,BTC-USD,BUY,2019-09-02T20:10:41.983Z,9/2/2019,20:10:41.994Z,2019,9,2,20,10,41.994,994,9/2/2019,8:10:42 PM,9/2/2019 20:10,1567455042,0.00116609,BTC,10265.4,0.01795557,-11.98833586,USD,2019-09-02T20:10:41.994Z,TRUE
default,,BTC-USD,BUY,2019-09-02T20:10:45.684Z,9/2/2019,20:10:45.697Z,2019,9,2,20,10,45.697,697,9/2/2019,8:10:46 PM,9/2/2019 20:10,1567455046,0.00000288,BTC,10265.4,4.43E-05,-0.029608699,USD,2019-09-02T20:10:45.697Z,TRUE
default,,BTC-USD,BUY,2019-09-02T20:11:10.709Z,9/2/2019,20:11:10.719Z,2019,9,2,20,11,10.719,719,9/2/2019,8:11:11 PM,9/2/2019 20:11,1567455071,0.00116707,BTC,10281.47,0.029997988,-12.02919318,USD,2019-09-02T20:11:10.719Z,TRUE
default,,BTC-USD,BUY,2019-09-02T20:11:45.670Z,9/2/2019,20:11:45.079Z,2019,9,2,20,11,45.079,79,9/2/2019,8:11:45 PM,9/2/2019 20:11,1567455105,0.00116913,BTC,10264.02,0.017999961,-12.01797366,USD,2019-09-02T20:11:45.079Z,TRUE
default,,BTC-USD,BUY,2019-09-02T20:13:04.189Z,9/2/2019,20:13:04.201Z,2019,9,2,20,13,4.201,201,9/2/2019,8:13:04 PM,9/2/2019 20:13,1567455184,0.00117011,BTC,10255.44,0.017999989,-12.01799289,USD,2019-09-02T20:13:04.201Z,TRUE
default,,BTC-USD,SELL,2019-09-02T20:17:52.489Z,9/2/2019,20:17:52.500Z,2019,9,2,20,17,52.5,500,9/2/2019,8:17:53 PM,9/2/2019 20:17,1567455473,0.001,BTC,10266.33,0.025665825,10.24066418,USD,2019-09-02T20:17:52.500Z,TRUE
default,,BTC-USD,BUY,2019-09-02T20:30:21.468Z,9/2/2019,20:30:21.482Z,2019,9,2,20,30,21.482,482,9/2/2019,8:30:21 PM,9/2/2019 20:30,1567456221,0.00962691,BTC,10387.54,0.149999869,-100.1499126,USD,2019-09-02T20:30:21.482Z,TRUE
default,,BTC-USD,SELL,2019-09-02T20:34:36.679Z,9/2/2019,20:34:36.691Z,2019,9,2,20,34,36.691,691,9/2/2019,8:34:37 PM,9/2/2019 20:34,1567456477,0.01581829,BTC,10448.17,0.413180458,164.8590026,USD,2019-09-02T20:34:36.691Z,TRUE
default,,ETH-USD,BUY,2019-09-02T21:02:59.371Z,9/2/2019,21:02:59.380Z,2019,9,2,21,2,59.38,380,9/2/2019,9:02:59 PM,9/2/2019 21:02,1567458179,0.010082,ETH,179.74,0.002718208,-1.814856888,USD,2019-09-02T21:02:59.380Z,TRUE
default,,ETH-USD,BUY,2019-09-02T21:05:36.984Z,9/2/2019,21:05:36.992Z,2019,9,2,21,5,36.992,992,9/2/2019,9:05:37 PM,9/2/2019 21:05,1567458337,0.13774916,ETH,179.6,0.037109624,-24.77685876,USD,2019-09-02T21:05:36.992Z,TRUE
default,,ETH-USD,BUY,2019-09-02T21:05:50.150Z,9/2/2019,21:05:50.158Z,2019,9,2,21,5,50.158,158,9/2/2019,9:05:50 PM,9/2/2019 21:05,1567458350,0.01011404,ETH,179.6,0.002724722,-1.819206306,USD,2019-09-02T21:05:50.158Z,TRUE
default,,ETH-USD,BUY,2019-09-02T21:06:20.250Z,9/2/2019,21:06:20.259Z,2019,9,2,21,6,20.259,259,9/2/2019,9:06:20 PM,9/2/2019 21:06,1567458380,2.07930829,ETH,179.6,0.560165653,-374.0039345,USD,2019-09-02T21:06:20.259Z,TRUE
default,,ETH-USD,SELL,2019-09-02T21:08:52.522Z,9/2/2019,21:08:52.531Z,2019,9,2,21,8,52.531,531,9/2/2019,9:08:53 PM,9/2/2019 21:08,1567458533,0.62871819,ETH,179.38,0.281948672,112.4975202,USD,2019-09-02T21:08:52.531Z,TRUE
default,,ETH-USD,SELL,2019-09-02T21:08:52.522Z,9/2/2019,21:08:52.537Z,2019,9,2,21,8,52.537,537,9/2/2019,9:08:53 PM,9/2/2019 21:08,1567458533,1.72629768,ETH,179.38,0.774158195,308.8891196,USD,2019-09-02T21:08:52.537Z,TRUE
default,,ETH-USD,BUY,2019-09-02T21:26:57.147Z,9/2/2019,21:26:57.155Z,2019,9,2,21,26,57.155,155,9/2/2019,9:26:57 PM,9/2/2019 21:26,1567459617,0.05536165,ETH,180.18,0.024937655,-9.999999752,USD,2019-09-02T21:26:57.155Z,TRUE
default,,ETH-BTC,SELL,2019-09-02T21:26:57.534Z,9/2/2019,21:26:57.544Z,2019,9,2,21,26,57.544,544,9/2/2019,9:26:58 PM,9/2/2019 21:26,1567459618,0.01,ETH,0.01731,4.33E-07,0.000172667,BTC,2019-09-02T21:26:57.544Z,TRUE
default,,ETH-BTC,SELL,2019-09-02T21:26:57.534Z,9/2/2019,21:26:57.551Z,2019,9,2,21,26,57.551,551,9/2/2019,9:26:58 PM,9/2/2019 21:26,1567459618,0.01,ETH,0.0173,4.33E-07,0.000172568,BTC,2019-09-02T21:26:57.551Z,TRUE
default,,ETH-BTC,SELL,2019-09-02T21:26:57.534Z,9/2/2019,21:26:57.557Z,2019,9,2,21,26,57.557,557,9/2/2019,9:26:58 PM,9/2/2019 21:26,1567459618,0.03536165,ETH,0.0173,1.53E-06,0.000610227,BTC,2019-09-02T21:26:57.557Z,TRUE
default,,BTC-USD,BUY,2019-09-02T21:53:13.898Z,9/2/2019,21:53:13.911Z,2019,9,2,21,53,13.911,911,9/2/2019,9:53:14 PM,9/2/2019 21:53,1567461194,0.00095688,BTC,10424.49,0.024937465,-9.999923456,USD,2019-09-02T21:53:13.911Z,TRUE
default,,BTC-USD,BUY,2019-09-02T21:57:33.984Z,9/2/2019,21:57:33.998Z,2019,9,2,21,57,33.998,998,9/2/2019,9:57:34 PM,9/2/2019 21:57,1567461454,0.00095923,BTC,10399.01,0.024937606,-9.999979968,USD,2019-09-02T21:57:33.998Z,TRUE
default,,ETH-USD,BUY,2019-09-02T22:00:57.769Z,9/2/2019,22:00:57.779Z,2019,9,2,22,0,57.779,779,9/2/2019,10:00:58 PM,9/2/2019 22:00,1567461658,0.05560235,ETH,179.4,0.024937654,-9.999999244,USD,2019-09-02T22:00:57.779Z,TRUE
default,,ETH-BTC,SELL,2019-09-02T22:00:57.975Z,9/2/2019,22:00:57.984Z,2019,9,2,22,0,57.984,984,9/2/2019,10:00:58 PM,9/2/2019 22:00,1567461658,0.05560235,ETH,0.01723,2.40E-06,0.000955633,BTC,2019-09-02T22:00:57.984Z,TRUE
default,,BTC-USD,SELL,2019-09-02T22:33:54.908Z,9/2/2019,22:33:54.921Z,2019,9,2,22,33,54.921,921,9/2/2019,10:33:55 PM,9/2/2019 22:33,1567463635,0.0038272,BTC,10436.79,0.099859207,39.84382348,USD,2019-09-02T22:33:54.921Z,TRUE
default,,BTC-USD,BUY,2019-09-09T02:55:37.247Z,9/9/2019,02:55:37.259Z,2019,9,9,2,55,37.259,259,9/9/2019,2:55:37 AM,9/9/2019 2:55,1567997737,0.00101117,BTC,10340.85,0.015684536,-10.47204183,USD,2019-09-09T02:55:37.259Z,TRUE
default,,BTC-USD,BUY,2019-09-09T02:55:45.865Z,9/9/2019,02:55:45.876Z,2019,9,9,2,55,45.876,876,9/9/2019,2:55:46 AM,9/9/2019 2:55,1567997746,0.00005257,BTC,10340.85,0.000815428,-0.544433912,USD,2019-09-09T02:55:45.876Z,TRUE
default,,BTC-USD,BUY,2019-09-09T02:58:51.774Z,9/9/2019,02:58:51.791Z,2019,9,9,2,58,51.791,791,9/9/2019,2:58:52 AM,9/9/2019 2:58,1567997932,0.00106468,BTC,10331.7,0.016499932,-11.01645429,USD,2019-09-09T02:58:51.791Z,TRUE
default,,BTC-USD,BUY,2019-09-09T02:59:04.511Z,9/9/2019,02:59:04.526Z,2019,9,9,2,59,4.526,526,9/9/2019,2:59:05 AM,9/9/2019 2:59,1567997945,0.00106485,BTC,10330.08,0.016499979,-11.01648567,USD,2019-09-09T02:59:04.526Z,TRUE
default,,BTC-USD,BUY,2019-09-09T03:00:51.435Z,9/9/2019,03:00:51.447Z,2019,9,9,3,0,51.447,447,9/9/2019,3:00:51 AM,9/9/2019 3:00,1567998051,0.00106539,BTC,10324.78,0.016499876,-11.01641724,USD,2019-09-09T03:00:51.447Z,TRUE
default,,BTC-USD,BUY,2019-09-09T03:03:16.592Z,9/9/2019,03:03:16.604Z,2019,9,9,3,3,16.604,604,9/9/2019,3:03:17 AM,9/9/2019 3:03,1567998197,0.00106503,BTC,10328.34,0.016499988,-11.01649194,USD,2019-09-09T03:03:16.604Z,TRUE
default,,BTC-USD,SELL,2019-09-09T03:03:43.022Z,9/9/2019,03:03:43.033Z,2019,9,9,3,3,43.033,33,9/9/2019,3:03:43 AM,9/9/2019 3:03,1567998223,0.001,BTC,10328.34,0.02582085,10.30251915,USD,2019-09-09T03:03:43.033Z,TRUE
default,,BTC-USD,SELL,2019-09-09T03:05:42.061Z,9/9/2019,03:05:42.075Z,2019,9,9,3,5,42.075,75,9/9/2019,3:05:42 AM,9/9/2019 3:05,1567998342,0.001,BTC,10328.35,0.015492525,10.31285748,USD,2019-09-09T03:05:42.075Z,TRUE
default,,BTC-USD,SELL,2019-09-09T03:06:13.547Z,9/9/2019,03:06:13.564Z,2019,9,9,3,6,13.564,564,9/9/2019,3:06:14 AM,9/9/2019 3:06,1567998374,0.001,BTC,10334.6,0.0155019,10.3190981,USD,2019-09-09T03:06:13.564Z,TRUE
default,,BTC-USD,SELL,2019-09-09T03:06:33.236Z,9/9/2019,03:06:33.249Z,2019,9,9,3,6,33.249,249,9/9/2019,3:06:33 AM,9/9/2019 3:06,1567998393,0.001,BTC,10334.94,0.01550241,10.31943759,USD,2019-09-09T03:06:33.249Z,TRUE
default,,BTC-USD,SELL,2019-09-09T03:17:39.453Z,9/9/2019,03:17:39.467Z,2019,9,9,3,17,39.467,467,9/9/2019,3:17:39 AM,9/9/2019 3:17,1567999059,0.001,BTC,10331.17,0.015496755,10.31567325,USD,2019-09-09T03:17:39.467Z,TRUE
default,,BTC-USD,BUY,2019-09-09T03:59:55.092Z,9/9/2019,03:59:55.104Z,2019,9,9,3,59,55.104,104,9/9/2019,3:59:55 AM,9/9/2019 3:59,1568001595,0.00106701,BTC,10309.12,0.016499901,-11.01643403,USD,2019-09-09T03:59:55.104Z,TRUE
default,,ETH-USD,BUY,2019-09-10T03:02:28.936Z,9/10/2019,03:02:28.946Z,2019,9,10,3,2,28.946,946,9/10/2019,3:02:29 AM,9/10/2019 3:02,1568084549,0.06560962,ETH,182.9,0.029999999,-12.0299995,USD,2019-09-10T03:02:28.946Z,TRUE
default,,ETH-USD,BUY,2019-09-10T03:02:44.346Z,9/10/2019,03:02:44.357Z,2019,9,10,3,2,44.357,357,9/10/2019,3:02:44 AM,9/10/2019 3:02,1568084564,0.06560962,ETH,182.9,0.029999999,-12.0299995,USD,2019-09-10T03:02:44.357Z,TRUE
default,,ETH-USD,BUY,2019-09-10T03:03:26.073Z,9/10/2019,03:03:26.082Z,2019,9,10,3,3,26.082,82,9/10/2019,3:03:26 AM,9/10/2019 3:03,1568084606,0.06557018,ETH,183.01,0.029999997,-12.02999864,USD,2019-09-10T03:03:26.082Z,TRUE
default,,ETH-USD,BUY,2019-09-10T03:07:39.955Z,9/10/2019,03:07:39.964Z,2019,9,10,3,7,39.964,964,9/10/2019,3:07:40 AM,9/10/2019 3:07,1568084860,0.06557018,ETH,183.01,0.029999997,-12.02999864,USD,2019-09-10T03:07:39.964Z,TRUE
default,,ETH-USD,BUY,2019-09-10T03:07:48.851Z,9/10/2019,03:07:48.859Z,2019,9,10,3,7,48.859,859,9/10/2019,3:07:49 AM,9/10/2019 3:07,1568084869,0.06557018,ETH,183.01,0.029999997,-12.02999864,USD,2019-09-10T03:07:48.859Z,TRUE
default,,ETH-USD,BUY,2019-09-10T03:10:34.682Z,9/10/2019,03:10:34.690Z,2019,9,10,3,10,34.69,690,9/10/2019,3:10:35 AM,9/10/2019 3:10,1568085035,0.06549503,ETH,183.22,0.029999998,-12.0299994,USD,2019-09-10T03:10:34.690Z,TRUE
default,,ETH-USD,BUY,2019-09-10T03:10:45.926Z,9/10/2019,03:10:45.934Z,2019,9,10,3,10,45.934,934,9/10/2019,3:10:46 AM,9/10/2019 3:10,1568085046,0.06549503,ETH,183.22,0.029999998,-12.0299994,USD,2019-09-10T03:10:45.934Z,TRUE
default,,ETH-USD,BUY,2019-09-10T03:11:50.638Z,9/10/2019,03:11:50.648Z,2019,9,10,3,11,50.648,648,9/10/2019,3:11:51 AM,9/10/2019 3:11,1568085111,0.06552006,ETH,183.15,0.029999997,-12.02999899,USD,2019-09-10T03:11:50.648Z,TRUE
default,,ETH-USD,BUY,2019-09-10T03:12:15.176Z,9/10/2019,03:12:15.186Z,2019,9,10,3,12,15.186,186,9/10/2019,3:12:15 AM,9/10/2019 3:12,1568085135,0.06552006,ETH,183.15,0.029999997,-12.02999899,USD,2019-09-10T03:12:15.186Z,TRUE
default,,ETH-USD,BUY,2019-09-10T03:13:29.062Z,9/10/2019,03:13:29.071Z,2019,9,10,3,13,29.071,71,9/10/2019,3:13:29 AM,9/10/2019 3:13,1568085209,0.06553795,ETH,183.1,0.029999997,-12.02999864,USD,2019-09-10T03:13:29.071Z,TRUE
default,,ETH-USD,BUY,2019-09-10T03:14:15.603Z,9/10/2019,03:14:15.611Z,2019,9,10,3,14,15.611,611,9/10/2019,3:14:16 AM,9/10/2019 3:14,1568085256,0.06554153,ETH,183.09,0.029999997,-12.02999872,USD,2019-09-10T03:14:15.611Z,TRUE
default,,ETH-USD,BUY,2019-09-10T03:15:02.214Z,9/10/2019,03:15:02.222Z,2019,9,10,3,15,2.222,222,9/10/2019,3:15:02 AM,9/10/2019 3:15,1568085302,0.06553795,ETH,183.1,0.029999997,-12.02999864,USD,2019-09-10T03:15:02.222Z,TRUE
default,,ETH-USD,BUY,2019-09-10T03:16:19.750Z,9/10/2019,03:16:19.759Z,2019,9,10,3,16,19.759,759,9/10/2019,3:16:20 AM,9/10/2019 3:16,1568085380,0.06561321,ETH,182.89,0.03,-12.02999998,USD,2019-09-10T03:16:19.759Z,TRUE
default,,ETH-USD,BUY,2019-09-10T03:17:41.490Z,9/10/2019,03:17:41.499Z,2019,9,10,3,17,41.499,499,9/10/2019,3:17:41 AM,9/10/2019 3:17,1568085461,0.06563115,ETH,182.84,0.029999999,-12.02999946,USD,2019-09-10T03:17:41.499Z,TRUE
default,,ETH-USD,BUY,2019-09-10T03:21:07.595Z,9/10/2019,03:21:07.607Z,2019,9,10,3,21,7.607,607,9/10/2019,3:21:08 AM,9/10/2019 3:21,1568085668,0.06558069,ETH,182.85,0.017987144,-12.00941631,USD,2019-09-10T03:21:07.607Z,TRUE
default,,ETH-USD,BUY,2019-09-10T03:21:07.602Z,9/10/2019,03:21:07.613Z,2019,9,10,3,21,7.613,613,9/10/2019,3:21:08 AM,9/10/2019 3:21,1568085668,0.00004687,ETH,182.85,1.29E-05,-0.008583035,USD,2019-09-10T03:21:07.613Z,TRUE
default,,ETH-USD,BUY,2019-09-10T03:35:49.258Z,9/10/2019,03:35:49.265Z,2019,9,10,3,35,49.265,265,9/10/2019,3:35:49 AM,9/10/2019 3:35,1568086549,0.06028883,ETH,182,0.027431418,-10.99999848,USD,2019-09-10T03:35:49.265Z,TRUE
default,,ETH-BTC,SELL,2019-09-10T03:35:49.501Z,9/10/2019,03:35:49.506Z,2019,9,10,3,35,49.506,506,9/10/2019,3:35:50 AM,9/10/2019 3:35,1568086550,0.06028883,ETH,0.01769,2.67E-06,0.001063843,BTC,2019-09-10T03:35:49.506Z,TRUE
default,,BTC-USD,SELL,2019-09-10T03:35:49.752Z,9/10/2019,03:35:49.764Z,2019,9,10,3,35,49.764,764,9/10/2019,3:35:50 AM,9/10/2019 3:35,1568086550,0.0010665,BTC,10284.28,0.027420462,10.94076416,USD,2019-09-10T03:35:49.764Z,TRUE
default,,ETH-USD,BUY,2019-09-10T03:46:31.954Z,9/10/2019,03:46:31.963Z,2019,9,10,3,46,31.963,963,9/10/2019,3:46:32 AM,9/10/2019 3:46,1568087192,0.06025573,ETH,182.1,0.027431421,-10.99999985,USD,2019-09-10T03:46:31.963Z,TRUE
default,,BTC-USD,BUY,2019-09-10T03:55:37.630Z,9/10/2019,03:55:37.643Z,2019,9,10,3,55,37.643,643,9/10/2019,3:55:38 AM,9/10/2019 3:55,1568087738,0.00106753,BTC,10304.1,0.016499904,-11.01643578,USD,2019-09-10T03:55:37.643Z,TRUE
default,,BTC-USD,BUY,2019-09-10T03:59:17.021Z,9/10/2019,03:59:17.033Z,2019,9,10,3,59,17.033,33,9/10/2019,3:59:17 AM,9/10/2019 3:59,1568087957,0.00106529,BTC,10300.02,0.027431271,-10.99993958,USD,2019-09-10T03:59:17.033Z,TRUE
default,,BTC-USD,BUY,2019-09-10T04:00:21.580Z,9/10/2019,04:00:21.590Z,2019,9,10,4,0,21.59,590,9/10/2019,4:00:22 AM,9/10/2019 4:00,1568088022,0.00106525,BTC,10300.41,0.027431279,-10.99994303,USD,2019-09-10T04:00:21.590Z,TRUE
default,,LINK-USD,BUY,2019-09-15T19:03:36.105Z,9/15/2019,19:03:36.111Z,2019,9,15,19,3,36.111,111,9/15/2019,7:03:36 PM,9/15/2019 19:03,1568574216,6.21,LINK,1.60559,0.024926785,-9.995640685,USD,2019-09-15T19:03:36.111Z,TRUE
default,,LINK-ETH,SELL,2019-09-15T19:03:36.440Z,9/15/2019,19:03:36.446Z,2019,9,15,19,3,36.446,446,9/15/2019,7:03:36 PM,9/15/2019 19:03,1568574216,6.21,LINK,0.00847181,0.000131525,0.052478415,ETH,2019-09-15T19:03:36.446Z,TRUE
default,,ETH-USD,SELL,2019-09-15T19:03:36.728Z,9/15/2019,19:03:36.735Z,2019,9,15,19,3,36.735,735,9/15/2019,7:03:37 PM,9/15/2019 19:03,1568574217,0.05260994,ETH,188.64,0.024810848,9.899528234,USD,2019-09-15T19:03:36.735Z,TRUE
default,,LINK-USD,BUY,2019-09-15T19:03:37.779Z,9/15/2019,19:03:37.788Z,2019,9,15,19,3,37.788,788,9/15/2019,7:03:38 PM,9/15/2019 19:03,1568574218,6.19,LINK,1.60899,0.02489912,-9.98454722,USD,2019-09-15T19:03:37.788Z,TRUE
default,,LINK-ETH,SELL,2019-09-15T19:03:37.989Z,9/15/2019,19:03:37.996Z,2019,9,15,19,3,37.996,996,9/15/2019,7:03:38 PM,9/15/2019 19:03,1568574218,6.19,LINK,0.00846351,0.000130973,0.052258154,ETH,2019-09-15T19:03:37.996Z,TRUE
default,,ETH-USD,SELL,2019-09-15T19:03:38.284Z,9/15/2019,19:03:38.293Z,2019,9,15,19,3,38.293,293,9/15/2019,7:03:38 PM,9/15/2019 19:03,1568574218,0.05238912,ETH,188.64,0.024706709,9.857976888,USD,2019-09-15T19:03:38.293Z,TRUE
default,,LINK-USD,BUY,2019-09-15T19:03:38.742Z,9/15/2019,19:03:38.749Z,2019,9,15,19,3,38.749,749,9/15/2019,7:03:39 PM,9/15/2019 19:03,1568574219,6.2,LINK,1.60882,0.02493671,-9.99962071,USD,2019-09-15T19:03:38.749Z,TRUE
default,,LINK-ETH,SELL,2019-09-15T19:03:39.069Z,9/15/2019,19:03:39.075Z,2019,9,15,19,3,39.075,75,9/15/2019,7:03:39 PM,9/15/2019 19:03,1568574219,6.2,LINK,0.0084637,0.000131187,0.052343753,ETH,2019-09-15T19:03:39.075Z,TRUE
default,,ETH-USD,SELL,2019-09-15T19:03:39.460Z,9/15/2019,19:03:39.467Z,2019,9,15,19,3,39.467,467,9/15/2019,7:03:39 PM,9/15/2019 19:03,1568574219,0.05247494,ETH,188.64,0.024747182,9.8741255,USD,2019-09-15T19:03:39.467Z,TRUE
default,,LINK-USD,BUY,2019-09-15T19:03:39.979Z,9/15/2019,19:03:39.985Z,2019,9,15,19,3,39.985,985,9/15/2019,7:03:40 PM,9/15/2019 19:03,1568574220,6.19,LINK,1.60898,0.024898966,-9.984485166,USD,2019-09-15T19:03:39.985Z,TRUE
default,,LINK-ETH,SELL,2019-09-15T19:03:42.334Z,9/15/2019,19:03:42.341Z,2019,9,15,19,3,42.341,341,9/15/2019,7:03:42 PM,9/15/2019 19:03,1568574222,6.19,LINK,0.0084641,0.000130982,0.052261797,ETH,2019-09-15T19:03:42.341Z,TRUE
default,,ETH-USD,SELL,2019-09-15T19:03:43.014Z,9/15/2019,19:03:43.022Z,2019,9,15,19,3,43.022,22,9/15/2019,7:03:43 PM,9/15/2019 19:03,1568574223,0.05239277,ETH,188.64,0.02470843,9.858663702,USD,2019-09-15T19:03:43.022Z,TRUE
default,,LINK-USD,BUY,2019-09-15T19:03:43.666Z,9/15/2019,19:03:43.674Z,2019,9,15,19,3,43.674,674,9/15/2019,7:03:44 PM,9/15/2019 19:03,1568574224,6.2,LINK,1.60845,0.024930975,-9.997320975,USD,2019-09-15T19:03:43.674Z,TRUE
default,,LINK-ETH,SELL,2019-09-15T19:03:43.955Z,9/15/2019,19:03:43.961Z,2019,9,15,19,3,43.961,961,9/15/2019,7:03:44 PM,9/15/2019 19:03,1568574224,6.2,LINK,0.0084643,0.000131197,0.052347463,ETH,2019-09-15T19:03:43.961Z,TRUE
default,,ETH-USD,SELL,2019-09-15T19:03:44.469Z,9/15/2019,19:03:44.477Z,2019,9,15,19,3,44.477,477,9/15/2019,7:03:44 PM,9/15/2019 19:03,1568574224,0.05247866,ETH,188.64,0.024748936,9.874825486,USD,2019-09-15T19:03:44.477Z,TRUE
default,,LINK-USD,BUY,2019-09-15T19:03:44.865Z,9/15/2019,19:03:44.871Z,2019,9,15,19,3,44.871,871,9/15/2019,7:03:45 PM,9/15/2019 19:03,1568574225,6.2,LINK,1.60853,0.024932215,-9.997818215,USD,2019-09-15T19:03:44.871Z,TRUE
default,,LINK-ETH,SELL,2019-09-15T19:03:45.248Z,9/15/2019,19:03:45.256Z,2019,9,15,19,3,45.256,256,9/15/2019,7:03:45 PM,9/15/2019 19:03,1568574225,6.2,LINK,0.0084645,0.0001312,0.0523487,ETH,2019-09-15T19:03:45.256Z,TRUE
default,,ETH-USD,SELL,2019-09-15T19:03:45.579Z,9/15/2019,19:03:45.586Z,2019,9,15,19,3,45.586,586,9/15/2019,7:03:46 PM,9/15/2019 19:03,1568574226,0.0524799,ETH,188.64,0.024749521,9.875058815,USD,2019-09-15T19:03:45.586Z,TRUE
default,,LINK-USD,BUY,2019-09-15T19:03:45.927Z,9/15/2019,19:03:45.937Z,2019,9,15,19,3,45.937,937,9/15/2019,7:03:46 PM,9/15/2019 19:03,1568574226,6.2,LINK,1.6085,0.02493175,-9.99763175,USD,2019-09-15T19:03:45.937Z,TRUE
default,,LINK-ETH,SELL,2019-09-15T19:03:46.324Z,9/15/2019,19:03:46.334Z,2019,9,15,19,3,46.334,334,9/15/2019,7:03:46 PM,9/15/2019 19:03,1568574226,6.2,LINK,0.0084646,0.000131201,0.052349319,ETH,2019-09-15T19:03:46.334Z,TRUE
default,,ETH-USD,SELL,2019-09-15T19:03:46.930Z,9/15/2019,19:03:46.938Z,2019,9,15,19,3,46.938,938,9/15/2019,7:03:47 PM,9/15/2019 19:03,1568574227,0.05248052,ETH,188.64,0.024749813,9.87517548,USD,2019-09-15T19:03:46.938Z,TRUE
default,,LINK-USD,BUY,2019-09-15T19:03:47.461Z,9/15/2019,19:03:47.468Z,2019,9,15,19,3,47.468,468,9/15/2019,7:03:47 PM,9/15/2019 19:03,1568574227,6.2,LINK,1.60846,0.02493113,-9.99738313,USD,2019-09-15T19:03:47.468Z,TRUE
default,,LINK-ETH,SELL,2019-09-15T19:03:47.865Z,9/15/2019,19:03:47.871Z,2019,9,15,19,3,47.871,871,9/15/2019,7:03:48 PM,9/15/2019 19:03,1568574228,6.2,LINK,0.0084648,0.000131204,0.052350556,ETH,2019-09-15T19:03:47.871Z,TRUE
default,,ETH-USD,SELL,2019-09-15T19:03:48.143Z,9/15/2019,19:03:48.151Z,2019,9,15,19,3,48.151,151,9/15/2019,7:03:48 PM,9/15/2019 19:03,1568574228,0.05248176,ETH,188.64,0.024750398,9.875408808,USD,2019-09-15T19:03:48.151Z,TRUE
default,,LINK-USD,BUY,2019-09-15T19:03:48.366Z,9/15/2019,19:03:48.373Z,2019,9,15,19,3,48.373,373,9/15/2019,7:03:48 PM,9/15/2019 19:03,1568574228,6.2,LINK,1.60832,0.02492896,-9.99651296,USD,2019-09-15T19:03:48.373Z,TRUE
default,,LINK-ETH,SELL,2019-09-15T19:03:48.636Z,9/15/2019,19:03:48.642Z,2019,9,15,19,3,48.642,642,9/15/2019,7:03:49 PM,9/15/2019 19:03,1568574229,6.2,LINK,0.0084649,0.000131206,0.052351174,ETH,2019-09-15T19:03:48.642Z,TRUE
default,,ETH-USD,SELL,2019-09-15T19:03:53.566Z,9/15/2019,19:03:53.575Z,2019,9,15,19,3,53.575,575,9/15/2019,7:03:54 PM,9/15/2019 19:03,1568574234,0.05248238,ETH,188.64,0.02475069,9.875525473,USD,2019-09-15T19:03:53.575Z,TRUE
default,,LINK-USD,BUY,2019-09-15T19:03:54.236Z,9/15/2019,19:03:54.243Z,2019,9,15,19,3,54.243,243,9/15/2019,7:03:54 PM,9/15/2019 19:03,1568574234,6.2,LINK,1.608,0.024924,-9.994524,USD,2019-09-15T19:03:54.243Z,TRUE
default,,LINK-ETH,SELL,2019-09-15T19:03:54.571Z,9/15/2019,19:03:54.578Z,2019,9,15,19,3,54.578,578,9/15/2019,7:03:55 PM,9/15/2019 19:03,1568574235,6.2,LINK,0.00846518,0.00013121,0.052352906,ETH,2019-09-15T19:03:54.578Z,TRUE
default,,ETH-USD,SELL,2019-09-15T19:03:55.126Z,9/15/2019,19:03:55.132Z,2019,9,15,19,3,55.132,132,9/15/2019,7:03:55 PM,9/15/2019 19:03,1568574235,0.05248411,ETH,188.64,0.024751506,9.875851004,USD,2019-09-15T19:03:55.132Z,TRUE
default,,LINK-USD,BUY,2019-09-15T19:03:55.629Z,9/15/2019,19:03:55.634Z,2019,9,15,19,3,55.634,634,9/15/2019,7:03:56 PM,9/15/2019 19:03,1568574236,6.2,LINK,1.60796,0.02492338,-9.99427538,USD,2019-09-15T19:03:55.634Z,TRUE
default,,LINK-ETH,SELL,2019-09-15T19:03:56.577Z,9/15/2019,19:03:56.584Z,2019,9,15,19,3,56.584,584,9/15/2019,7:03:57 PM,9/15/2019 19:03,1568574237,6.2,LINK,0.00846519,0.00013121,0.052352968,ETH,2019-09-15T19:03:56.584Z,TRUE
default,,ETH-USD,SELL,2019-09-15T19:03:57.699Z,9/15/2019,19:03:57.705Z,2019,9,15,19,3,57.705,705,9/15/2019,7:03:58 PM,9/15/2019 19:03,1568574238,0.05248417,ETH,188.64,0.024751535,9.875862294,USD,2019-09-15T19:03:57.705Z,TRUE
default,,LINK-USD,BUY,2019-09-15T19:03:58.133Z,9/15/2019,19:03:58.138Z,2019,9,15,19,3,58.138,138,9/15/2019,7:03:58 PM,9/15/2019 19:03,1568574238,6.2,LINK,1.60822,0.02492741,-9.99589141,USD,2019-09-15T19:03:58.138Z,TRUE
default,,LINK-ETH,SELL,2019-09-15T19:03:58.752Z,9/15/2019,19:03:58.759Z,2019,9,15,19,3,58.759,759,9/15/2019,7:03:59 PM,9/15/2019 19:03,1568574239,6.2,LINK,0.0084653,0.000131212,0.052353648,ETH,2019-09-15T19:03:58.759Z,TRUE
default,,ETH-USD,SELL,2019-09-15T19:03:59.694Z,9/15/2019,19:03:59.704Z,2019,9,15,19,3,59.704,704,9/15/2019,7:04:00 PM,9/15/2019 19:04,1568574240,0.05248486,ETH,188.64,0.02475186,9.87599213,USD,2019-09-15T19:03:59.704Z,TRUE
default,,LINK-USD,BUY,2019-09-15T19:04:00.086Z,9/15/2019,19:04:00.093Z,2019,9,15,19,4,0.093,93,9/15/2019,7:04:00 PM,9/15/2019 19:04,1568574240,6.2,LINK,1.60788,0.02492214,-9.99377814,USD,2019-09-15T19:04:00.093Z,TRUE
default,,LINK-ETH,SELL,2019-09-15T19:04:00.528Z,9/15/2019,19:04:00.536Z,2019,9,15,19,4,0.536,536,9/15/2019,7:04:01 PM,9/15/2019 19:04,1568574241,6.2,LINK,0.00846531,0.000131212,0.05235371,ETH,2019-09-15T19:04:00.536Z,TRUE